id|cim|reszletes_cim|teljes_ar|reszletes_ar|terulet|nm_ar|szobak|epitesi_ev|szint|ingatlan_allapota|futes|erkely|parkolas|hirdeto_tipus|kepek_szama|leiras|link|telekterulet|energetikai|ingatlanos|telefon|allapot|epulet_szintjei|kilatas|parkolohely_ara|komfort|legkondicionalas|akadalymentesites|furdo_wc|tetoter|pince|parkolo|tajolas|kert|napelem|szigeteles|rezsikoltség|zold_energia_premium_pont|wellness_luxury_pont|smart_technology_pont|premium_design_pont|premium_parking_pont|premium_location_pont|build_quality_pont|negativ_tenyezok_pont|van_zold_energia|van_wellness_luxury|van_smart_tech|van_premium_design|van_premium_parking|van_premium_location|van_build_quality|van_negativ_elem|ossz_pozitiv_pont|ossz_negativ_pont|netto_szoveg_pont|varosresz_kategoria|varosresz_premium_szorzo|geo_latitude|geo_longitude|geo_address_from_api
1|Budapest X. kerület, Lenfonó utca||58,50 M Ft||50 m2|1 125 000 Ft / m2||1981 és 2000 között|8|felújított|távfűtés|4 m2|utca, közterület - ingyenes|ingatlaniroda|15|"Újhegyi lakótelepen, panelprogramon átesett (szigetelt), rendezett, kulturált házban, 2 szobás, felújított, erkélyes, déli fekvésű, panorámás, 2 klímával rendelkező lakás eladó. A lakásban kb. 10 éve teljeskörű felújítás történt: konyha, fürdőszoba, nyílászárók,hideg és meleg burkolatok. A vételár tartalmazza a jó minőségű beépített szekrényeket, a konyhában lévő gépeket (okos hűtőszekrény, mosogatógép , elszívó, tűzhely) és a nappaliban található bútorokat. A közösköltség 16 600 Ft, rezsi télen 33000 Ft- nyáron 20 000Ft! Tehermentes, 1/1 -es tulajdonos, nem lakott, gyorsan költözhető!
A lakás az újhegyi lakótelep szélén a Sibrik Miklós út közelében fekszik, a tömegközlekedés és vásárlási lehetőség pár perc sétával elérhető. A ház előtti parkolás ingyenes.
Befektetésnek is kiváló döntés le..."|https://ingatlan.com/34726286|||||||||||||||||||||0.0|0.0|0.0|3.8|0.0|3.2|2.5|-2.0|0|0|0|1|0|1|1|1|9.5|2.0|7.5|Központi terület|1.0|||
2|Budapest X. kerület, Kővágó utca||66,90 M Ft||68 m2|962 589 Ft / m2||1981 és 2000 között|10|jó állapotú|távfűtés|3 m2|utca, közterület - ingyenes|ingatlaniroda|13|"Árcsökkenés!!!
Kiváló állapotú nagy lakás eladó az Újhegyi lakótelepen
Eladó a X. kerületben a kedvelt Újhegyi lakótelepen egy jó állapotú, 68 nm-es 3 szobás, erkélyes nagy lakás.
A lakóház és a környezete is rendezett, az épületek között zöld parkok találhatók. A lakás jó elosztású, ablakai két irányba néznek, így minden napszakban éri fény.
Konyhája nagy ablakos, a szobák kényelmes méretűek, jól berendezhetők. Az egyik szoba erkélyes. A nyílászárók cserélve lettek korszerű műanyag ablakokra, a fürdőszoba és a konyha is felújításra került. A szobákban laminált padló lett lerakva. Az ingatlan üres, tehermentes, rövid időn belül birtokba vehető.
Közelben minden gyalogosan is elérhető, Bajcsy Kórház, rendelő, piac, Interspar, Auchan és egyéb bevásárlási lehetőségek.
Buszjáratok közvetlenül K..."|https://ingatlan.com/34684331|||||||||||||||||||||0.0|4.0|0.0|0.0|0.0|0.0|0.0|0.0|0|1|0|0|0|0|0|0|4.0|0.0|4.0|Általános terület|1.0|||
3|Budapest X. kerület, Harmat utca||59,99 M Ft||68 m2|850 921 Ft / m2|||8|jó állapotú|távfűtés egyedi méréssel|5 m2||ingatlaniroda|6|"Tágas, felújított, 3 szobás lakás eladó az Újhegyi lakótelepen

Eladó a X. kerület közkedvelt Újhegyi lakótelepén egy 68 m²-es, 3 szobás, erkélyes, kiváló állapotú panellakás. A szobák különnyilóak is !

A lakás elosztása praktikus és világos, ablakai két irányba néznek, így egész nap természetes fényt kap. A nagy ablakos konyha, a kényelmes méretű szobák, valamint az erkélyes nappali ideálissá teszik családosoknak, pároknak vagy befektetőknek is.

A lakásban:

Műanyag nyílászárók

Laminált padló a szobákban

Felújított fürdőszoba és konyha

A társasház rendezett, parkosított környezetben helyezkedik el, barátságos lakóközösséggel. Az ingatlan üres és tehermentes, azonnal költözhető.

A közelben minden megtalálható:

Interspar, Auchan, piac, patika

Bajcsy-Zsilinszky Kórház, rendelő

Óvoda..."|https://ingatlan.com/34878358|||||||||||||||||||||0.0|4.0|0.0|0.0|0.0|0.0|2.5|0.0|0|1|0|0|0|0|1|0|6.5|0.0|6.5|Prémium villa negyed|1.3|||
4|Budapest X. kerület, Oltó utca 8.||69,50 M Ft||68 m2|1 007 246 Ft / m2|||földszint|felújított|távfűtés|2 m2|utca, közterület - ingyenes|maganszemely|18|"Budapest X. kerületének csendes, jól ellátott részén kínálok eladásra egy 68 m²-es, magasföldszinti lakást. Az ingatlan 3 szobával rendelkezik.

A lakás világos, modern kialakítású, erkéllyel, műanyag ablakokkal és 2 darab klímaberendezéssel felszerelt. Az ingatlan rendezett társasházban található. Parkolás ingyenes a környéken."|https://ingatlan.com/34843743|||||||||||||||||||||0.0|0.0|0.0|0.0|0.0|0.0|0.0|0.0|0|0|0|0|0|0|0|0|0.0|0.0|0.0|Prémium villa negyed|1.3|||
5|Budapest X. kerület, Kővágó utca||58 M Ft||49 m2|1 137 254 Ft / m2|1 + 1 fél||4|felújított||4 m2|utca, közterület - ingyenes|maganszemely|14|"Tisztelt Érdeklődő!

Családunk bővülése miatt eladásra kínáljuk Budapest X. kerületében az Újhegyi Lakótelep legjobb részén található 49m2-es, 4. emeleti erkélyes lakásunkat.

Zárt lépcsőházból jutunk a csupán a szomszéddal közös erkélyre, majd a lakásba lépést követően egy előszoba fogad, ahonnan jobbra az ablakos, világos konyha található. A közlekedőn át jutunk el a külön helyiségben kialakított fürdőszobához és WC-hez, valamint innen nyílik a nappali és a hálószoba is. A lakás praktikus és jól átgondolt elrendezésének köszönhetően kifejezetten élhető.

A lakás teljeskörű felújítása 2017-ben történt meg ablak, kül- és beltéri ajtók, illetve radiátor cserékkel együtt. A vizes blokkok csövei, berendezései, burkolatai szintén ekkor lettek újakra cserélve. A kisebb szoba ekkor lett leválasz..."|https://ingatlan.com/34913161|||||||||||||||||||||0.0|0.0|0.0|0.0|0.0|0.0|0.0|0.0|0|0|0|0|0|0|0|0|0.0|0.0|0.0|Általános terület|1.0|||
6|Budapest X. kerület, Szövőszék utca||53,90 M Ft||50 m2|1 078 000 Ft / m2|||6|jó állapotú|távfűtés|||maganszemely|11|"Eladó Budapest X. kerületének csendes, zöldövezeti részén, az Újhegyi sétány közvetlen közelében egy 50 nm-es, 2 szobás, 6. emeleti liftes lakás, gyönyörű kilátással 10 percre a KöKi Terminaltól.

Főbb jellemzők:
Erkélyes lakás, sok természetes fénnyel
Felújított elektromos hálózat
Műanyag nyílászárók, redőnnyel
2 db hűtő-fűtő klímaberendezés az extra kényelemért
Panelprogramban beszigetelt társasház
Alacsony rezsi és közösköltség
Bútorozottan
Parkolás a ház előtt ingyenes
Tehermentesen azonnal költözhető

!Akár bérlőkkel együtt is átvehető, így befektetésnek is tökéletes!

Lokáció: Nyugodt környék, kiváló közlekedés, pár perc sétára boltok, óvoda, iskola, orvosi rendelő, buszmegálló

Tökéletes választás első otthonnak vagy kiadásra is!

Képeket szívesen küldök róla üzenetben vagy e-mailbe..."|https://ingatlan.com/34831191|||||||||||||||||||||0.0|0.0|0.0|0.0|0.0|3.2|2.5|-4.0|0|0|0|0|0|1|1|1|5.7|4.0|1.7|Prémium villa negyed|1.3|||
7|Budapest X. kerület, Szövőszék utca 20.||54,90 M Ft||49 m2|1 087 128 Ft / m2||1981 és 2000 között|6|jó állapotú|távfűtés|3 m2|utca, közterület|ingatlaniroda|16|"Other languages below!

Eladó világos, erkélyes 2 szobás panel lakás a X. kerületben!

Budapest X. kerületében, rendezett panelház 6. emeletén kínálunk eladásra egy 49 m²-es, 2 szobás, erkélyes lakást.

2020 márciusában teljes vízvezeték rendszer cserélve lett (képeket tudok küldeni róla)
Villanyvezetékek 2017-ben lettek korszerűsítve.

Az ingatlan praktikus elosztású:

Különnyíló WC és fürdőszoba,

Külön bejáratú szobák,

Erkély, amely kellemes pihenőhelyet biztosít a mindennapokban.

A lakás világos, jól szellőző, ideális lehet első lakásnak, fiatal pároknak, vagy befektetés céljából is. A házban lift működik, a környék csendes, mégis kiváló közlekedési és infrastrukturális adottságokkal rendelkezik: boltok, iskola, óvoda, orvosi rendelő, tömegközlekedés a közelben.

Nyílászárók újak (20..."|https://ingatlan.com/34905280|||||||||||||||||||||0.0|0.0|0.0|0.0|0.0|0.0|0.0|0.0|0|0|0|0|0|0|0|0|0.0|0.0|0.0|Központi terület|1.0|||
8|Budapest X. kerület, Dombtető utca||75,90 M Ft||68 m2|1 092 086 Ft / m2||1950 és 1980 között|1|felújított|távfűtés, hűtő-fűtő klíma|3 m2|utca, közterület - ingyenes|maganszemely|21|"Eladó egy felújított, lakberendező által berendezett 3 szobás, erkélyes panellakás az újhegyi lakótelepen!

Az újhegyi lakótelep a X. kerület egyik legzöldebb, legjobban kiépült része, újszerű játszóterek, boltok (Spar, Lidl, Penny, Auchan, DM, Rossmann, Jysk) posta, gyógyszertár, gyerek és felnőtt háziorvosi rendelők, óvoda, iskola sétával elérhetőek. A közelben egy kellemes sétára elérhető az Újhegyi bánya-tó, sportolási lehetőség pedig a frissen felújított sportligetben adott. Itt eladó egy 1. emeleti, 68 m²-es, 3 szobás, erkélyes panellakás!

A lakás mindig a család tulajdonában állt, így folyamatosan gondozva volt, minden szükséges és aktuális felújítást elvégeztünk:
✅ Prémium biztonsági alumínium bejárati ajtó
✅ Hűtő-fűtő klíma
✅ Fürdő, WC, konyha teljes körű felújítása a vízvezetéke..."|https://ingatlan.com/34925507||D|||||||||||||||||||0.0|4.0|3.5|3.8|0.0|0.0|0.0|0.0|0|1|1|1|0|0|0|0|11.3|0.0|11.3|Jó lakónegyed|1.15|||
9|Budapest X. kerület, Szövőszék utca||48,90 M Ft||36 m2|1 358 333 Ft / m2|||1|újszerű|távfűtés||utca, közterület|maganszemely|3|"Teljeskörűen felújított, gépesített lakás – első lakásnak tökéletes, szeptemberi átadással!

Elhelyezkedés: [X. Kerület / Újhegy park]
Ár: Kedvezményes előértékesítési ár

Leírás:
Szeptemberi átadással eladó egy modern, teljeskörűen felújított lakás, amely minden szempontból ideális első otthonnak vagy befektetésnek. A felújítás során az ingatlan gyakorlatilag új állapotba kerül.

Felújítás tartalma:

- Minden nyílászáró cseréje

- Teljes villanyhálózat megújítása

- Teljes gépészeti felújítás (új fürdőszoba, WC, radiátorok)

- Vadonatúj, gépesített Divian konyha (Whirlpool mosogatógép, sütő, mikró, főzőlap)

- Energiahatékony, nagy teljesítményű hűtő-fűtő klímaberendezés (szintén újonnan beépítve)

Miért különleges?

Amennyiben most csap le a lehetőségre úgy lehetősége van eltérni a meglé..."|https://ingatlan.com/34920064|||||||||||||||||||||4.5|0.0|0.0|0.0|0.0|0.0|0.0|0.0|1|0|0|0|0|0|0|0|4.5|0.0|4.5|Prémium villa negyed|1.3|||
10|Budapest X. kerület, Szövőszék utca 20.||64,90 M Ft||68 m2|933 812 Ft / m2||1950 és 1980 között|1|közepes állapotú|távfűtés|3 m2|utca, közterület - ingyenes|maganszemely|12|"A meghírdetett ár alkukèpes.

X. kerületben a megújult és közkedvelt Újhegyi lakótelepen eladó 68nm-es, 3 szobás, l. emeleti összkomfortos, tehermentes panellakás.

Az ingatlan vonzó környezetben, a megszépült Újhegyi sétány mellett, a Szövőszék utca 20. szám alatt helyezkedik el.

A lakás az I. emeleten található, világos, körbenapozott. Megközelítése tiszta, zárható lépcsőházi folyosóról lehetséges, ahol felújított lift áll rendelkezésre. A lakóközösség nyugodt, csendes.

A lakás nagyon napfényes, mindkét oldalon parkra néz
A nagyméretű konyha jól berendezhető.
A fürdőszoba és a wc külön helyiségben található.
Állapotát tekintve azonnal költözhető, de egy kis korszerűsítéssel, felújítással a leendő tulajdonos saját ízlésére formálhatja.
A lakáshoz tartozik egy ingyenes , kb 3 négyzetméte..."|https://ingatlan.com/34863367|||||||||||||||||||||0.0|0.0|0.0|0.0|0.0|0.0|2.5|-2.0|0|0|0|0|0|0|1|1|2.5|2.0|0.5|Prémium villa negyed|1.3|||
11|Budapest X. kerület, Tóvirág utca||58,90 M Ft||50 m2|1 143 689 Ft / m2||1981 és 2000 között||felújított|távfűtés|3 m2|utca, közterület - ingyenes|ingatlaniroda|13|"Befektetők, első lakásvásárlók, kisgyermekes családok figyelem!
Eladó egy 2025-ben teljeskörűen felújított, 50 m²-es, 5. emeleti erkélyes panel lakás a csendes, zöldövezeti környéken az Újhegyi lakótelepen.

Az ingatlan főbb jellemzői:

Az ingatlan 2025-ben teljeskörű felújításon esett át, viszont két ablak cseréje még hátra van, amit a tulajdonos saját költségén vállal.

-Erkélyes, világos lakás
-Alacsony fűtési költség, kedvező fenntartás a téli hónapokban mindössze 15 ezer ft/hó.
-Ingyenes parkolás a környéken.
-Csendes, zöld környezet, kiváló infrastruktúrával.
-Konyha bútorozatlan, így arról az új tulajdonosnak kell majd gondoskodnia.

Környék :

-Felújított Újhegyi sétány üzletekkel, éttermekkel, kávézókkal mindössze csak pár perc sétára.
-Újhegyi Mélytó és sportliget, mely ideális f..."|https://ingatlan.com/34763657|||||||||||||||||||||0.0|0.0|0.0|0.0|0.0|3.2|0.0|-2.0|0|0|0|0|0|1|0|1|3.2|2.0|1.2|Prémium villa negyed|1.3|||
12|Budapest X. kerület, Dombtető utca||57,90 M Ft||49 m2|1 135 294 Ft / m2||1950 és 1980 között|6|felújított|távfűtés|4 m2|utca, közterület|ingatlaniroda|9|"Eladó a X. kerületben, a Dombtető utcában egy felújított, 49 négyzetméteres, erkélyes panel lakás!

Ez a 6. emeleti ingatlan egy csendes, kulturált környéken található, ideális választás mindazok számára, akik a nyugodt, városi életet keresik. A lakás elosztása 2 szobás, így tökéletes otthont biztosít akár egyedülállóknak, akár kis családoknak.

A felújított lakás modern, fiatalos stílusával és világos tágas tereivel azonnal beleszeret. Az erkélyről csodás kilátás nyílik, ahol élvezheti a reggeli napfényt vagy a nyári estéket.

A lakás tehermentes, így gyorsan birtokba vehető. Az ingatlan közelében minden szükséges szolgáltatás megtalálható: boltok, éttermek, iskolák és jó közlekedési lehetőségek.

Vevőink számára a közvetítés ingyenes!
Meglévő ingatlana eladásában is segítünk, személyre s..."|https://ingatlan.com/34912300|||||||||||||||||||||0.0|0.0|0.0|0.0|0.0|0.0|0.0|0.0|0|0|0|0|0|0|0|0|0.0|0.0|0.0|Központi terület|1.0|||
13|Budapest X. kerület, Gőzmozdony utca||53,90 M Ft||50 m2|1 046 601 Ft / m2||1950 és 1980 között|5|jó állapotú|távfűtés|3 m2|utca, közterület - ingyenes|ingatlaniroda|22|"MEGVÉTELRE kínálok az Újhegyi lakótelepen egy 10 szintes, panelprogramos ház 5. emeletén elhelyezkedő, 50 nm-es, 2 szobás, klímás, erkélyes, átlagos állapotú panel lakást.

A szobákban laminált parketta, a többi helyiségben linóleum található.

Az otthon melegéről távfűtés gondoskodik.

A kisebbik szobából jutunk ki a 3 nm-es erkélyre.

A lakás tájolásának köszönhetően egész nap világos. A két szoba délnyugat irányába, a konyha ablaka keleti irányba néz. A szobák 22 nm és 12 nm alapterületűek, külön és egybe is nyílnak.

Közös költség: 16.000 Ft,

Fűtés átalánydíja: 9.000 Ft

TEHERMENTES, HITELRE IS MEGVÁSÁROLHATÓ!

A parkolás a kerületben ingyenes, a ház előtt megoldható.

Infrastruktúra: A ház előtt található a Penny, pár perc sétára a Family Center, Spar, Lidl , bölcsőde, iskola, óvoda,..."|https://ingatlan.com/34915962|||||||||||||||||||||0.0|4.0|0.0|3.8|0.0|0.0|0.0|-2.0|0|1|0|1|0|0|0|1|7.8|2.0|5.8|Jó lakónegyed|1.15|||
15|Budapest X. kerület, Oltó utca 6.||61,90 M Ft||49 m2|1 225 742 Ft / m2||1950 és 1980 között|3|felújított|távfűtés|3 m2|utca, közterület - ingyenes|ingatlaniroda|13|"Tehermentes, üres, azonnal költözhető, 49 nm-es, 2 szobás, nagyobb fürdőszobás, zuhanyzós, felújított lakás eladó!

X. Újhegyi lakótelepen, Oltó utcában, 10 emeletes panel építésű ház, harmadik emeletén,
49 nm-es, 2 szobás, erkélyes, tehermentes, tulajdonosoktól eladó ingatlan.
A lakás 2021-ben teljes felújításon esett át. A vízcsövek, a radiátorok, a
villanyhálózat és a nyílászárók (redőny, szúnyogháló) cseréje mellett,
padlóburkolatok (előtér, konyha, fürdőszoba, wc - kerámia járólap; nappali, háló -
laminált fa) valamint a konyhában, fürdőben, wc ben a falicsempe is új. Az előtérben
és a konyhában új méretre készített szekrények beépített mosogatógéppel, beépített
sütővel és főzőlappal növelik az ingatlan színvonalát. A fürdőszobát megnagyobbítva (hozzá raktak az előszobából) zuhanykabi..."|https://ingatlan.com/34787544|||||||||||||||||||||0.0|0.0|0.0|7.6|0.0|0.0|5.0|0.0|0|0|0|1|0|0|1|0|12.6|0.0|12.6|Prémium villa negyed|1.3|||
16|Budapest X. kerület, Kőbánya - Újhegyi lakótelep||61 M Ft||50 m2|1 220 000 Ft / m2||1950 és 1980 között|5|felújított|távfűtés||utca, közterület|ingatlaniroda|9|"Tágas, napfényes otthon Újhegy szívében – ahol minden helyiség a kényelmet szolgálja

Van, amikor egy lakás több, mint négy fal – egy tér, ami hívogat, ahol az ember már az ajtóban megérzi: itt lehet élni, lélegezni, megérkezni.

Ez az otthon ilyen. Egy napfényes, meleg hangulatú lakás, ahol a délkeleti fekvés minden reggelt világossá tesz, ahol a jól tagolt terek és a praktikus elrendezés nemcsak kényelmet, de szabadságot is adnak a mindennapokban. Minden helyiség külön nyílik, így a tér áramlik, mégis minden saroknak saját funkciója, saját története lehet.

Ahogy belépsz, egy tágas előtér fogad, ami nemcsak egyszerű közlekedő, hanem az otthon első gesztusa, ami megmutatja: itt figyeltek a részletekre. Minden négyzetmétere átgondolt, minden ablaka egy újabb napfényes ígéret.

A ház rendez..."|https://ingatlan.com/34910264|||||||||||||||||||||0.0|0.0|0.0|0.0|0.0|0.0|0.0|0.0|0|0|0|0|0|0|0|0|0.0|0.0|0.0|Általános terület|1.0|||
17|Budapest X. kerület, Tóvirág utca||58 M Ft||50 m2|1 137 254 Ft / m2||1950 és 1980 között|10|felújított|távfűtés|2 m2||ingatlaniroda|11|"Kőbánya-Újhegyen másfél szobás, legfelső emeleti, erkélyes panel lakás várja új tulajdonosát.


Az épület szigetelt, kívül-belül felújított,a lakás szintén komoly, teljes körű felújításon esett át.


A lakásba zárt, a szomszéddal közösen használt erkélyről léphetünk be. Az L alakú előszobából nyílik az összes helyiség, a teljesen felújított, ablakos konyha, a két szoba, a fürdőszoba és a különálló WC. A kisebbik szoba erkélyes.


A lakásban távfűtés van. A nyári melegben klíma gondoskodik a kellemes hőmérsékletről.

A házban tároló, illetve garázs kérhető, jelenleg nem tartozik a lakáshoz.


A környék zöld, sok a park és itt található a hangulatos kikapcsolódást nyújtó Mély-tó.

Infrastruktúra szempontjából is tökéletes, a buszmegálló (Kőbánya-Kispest és az Örs vezér tere felé) 2 perc séta..."|https://ingatlan.com/34891038|||||||||||||||||||||0.0|0.0|0.0|0.0|0.0|0.0|0.0|-2.0|0|0|0|0|0|0|0|1|0.0|2.0|-2.0|Jó lakónegyed|1.15|||
18|Budapest X. kerület, Mélytó utca||69,50 M Ft||68 m2|992 857 Ft / m2||1950 és 1980 között|4|felújított|távfűtés egyedi méréssel|4 m2||ingatlaniroda|13|"Világos, 3 szobás erkélyes lakás Újhegyen – panelprogramos, azonnal birtokba vehető!

Budapest X. kerületének csendes, barátságos részén, Újhegyen eladó egy 68 m²-es, 3 szobás lakás, 4 m²-es erkéllyel, panelprogramos társasházban. A lakás kiváló állapotú, tágas, világos terekkel és jól kihasználható elrendezéssel.

Főbb jellemzők:

3 külön nyíló, világos szoba, tágas nappalival

4 m²-es erkély a kellemes pihenéshez

Panelprogramos épület – hőszigetelt, korszerű nyílászárókkal

Redőny és szúnyogháló minden ablakon a kényelemért és biztonságért

Távfűtés (egyedi mérés nélkül)

Tehermentes, azonnal költözhető

Elhelyezkedés:

Közelben minden, amire a mindennapokban szükség lehet: boltok, iskola, óvoda, orvosi rendelő

Kiváló közlekedés: buszmegállók és metró a közelben, gyors belvárosi kapcso..."|https://ingatlan.com/34898670|||||||||||||||||||||0.0|0.0|0.0|0.0|0.0|0.0|2.5|0.0|0|0|0|0|0|0|1|0|2.5|0.0|2.5|Központi terület|1.0|||
19|Budapest X. kerület, Újhegy park||61 M Ft||50 m2|1 220 000 Ft / m2||1950 és 1980 között|5|felújított|távfűtés|||ingatlaniroda|8|"Budapest, X. Kerület, Kőbánya, Újhegyi-lakótelepen egy 50 nm-es panellakás Eladó!

Megvételre kínálok a X. Kerület közkedvelt részén egy 50 négyzetméteres 2 szobás, liftes társasházban található, jó állapotú, napfényes, panel programban részt vett lakást. A lakásnak egy tulajdonosa van, teljesen per-tehermentes.

A társasház rendezett, panelprogramban részt vett 10 cm külső szigetelést kapott továbbá teljesen új nyílászárókat és főbejárati ajtó. Kellemes és barátságos lakóközösséggel rendelkezik.

Jelenlegi elrendezése praktikus, minden helyiség külön nyílik, a 2,6 méteres belmagasságának, tágas nappalijának, valamint a kis szobájának köszönhetően plusz teret és kényelmet nyújt.

A fűtés házközponti, jó állapotban lévő radiátorokkal, amelyhez kifejezetten kedvező rezsiköltség társul, téli ..."|https://ingatlan.com/34890400||C|||||||||||||||||||0.0|0.0|0.0|0.0|0.0|0.0|5.0|-4.0|0|0|0|0|0|0|1|1|5.0|4.0|1.0|Központi terület|1.0|||
20|Budapest X. kerület, Tóvirág utca||58,50 M Ft||49 m2|1 158 415 Ft / m2||1950 és 1980 között|5|felújított|távfűtés|3 m2|utca, közterület|ingatlaniroda|8|"Stílusos, felújított otthon a X. kerületben – csak költözz be!

Eladó a Tóvirág utcában egy 49 m²-es, erkélyes, 5. emeleti, 2 szobás panel lakás, ami frissen és teljes körűen fel lett újítva. Ha nem akarsz felújítással bajlódni, ez a lakás neked szól!

A lakás előnyei:
Teljes körű felújítás – nyílászárók, burkolatok, gépészet, minden új
Külön nyíló nappali és hálószoba – ideális elrendezés
Ablakos, világos konyha
Külön fürdőszoba és WC – kényelmes megoldás
A hálóból nyíló 3 m²-es erkély – tökéletes kikapcsolódáshoz
Festeni sem kell, azonnal költözhető állapot

A házról:
10 emeletes, 1970-es években épült, jó állapotú panel
Részt vett a Panelprogramban – korszerűsített szigetelés és nyílászárók
Kulturált, csendes lakóközösség

Műszaki és pénzügyi tudnivalók:
Teljesen tehermentes – hitelre i..."|https://ingatlan.com/34861329||D|||||||||||||||||||0.0|0.0|0.0|0.0|0.0|0.0|2.5|0.0|0|0|0|0|0|0|1|0|2.5|0.0|2.5|Prémium villa negyed|1.3|||
23|Budapest X. kerület, Szövőszék utca 14.||64 M Ft||68 m2|920 863 Ft / m2||1981 és 2000 között|1|jó állapotú|távfűtés|3 m2|utca, közterület - ingyenes|ingatlaniroda|23|"NÉZZEN SZÉT!
Kérem nézze meg a lakásról készül részletes virtuális túrát (!28 pozíció: lakás, kilátás, épület, utca, park)
melyet a kezdőképen lévő ikonra kattintva ér el.


PANELPROGRAMOS HÁZBAN,
3 KÜLÖN BEJÁRATÚ szobás,
NAPOS, CSENDES panel lakás eladó

CSOK PLUSZ-al is megvásárolható ingatlan.

Az 1980-es években épült ház külső homlokzata HŐSZIGETELT, belső terei rendezettek.
LIFTtel jutunk fel az 1. emeleti lakáshoz, melynek a szomszéddal közös, zárható előtere van.

A 68 nm-es, nappali + 2 KÜLÖN BEJÁRATÚVÁ ÁTALAKÍTOTT hálószobás lakásnak
ÉLHETŐ TEREI vannak.

DÉL-NYUGATI TÁJOLÁSú fényes, délelőtt 11-től BENAPOZOTT.

Műszakilag és esztétikailag is felújított:
A teljes elektromos hálózata cserélt réz kábelekkel.
A fürdőszoba és a konyha felújított.
A hideg és a meleg burkolatok cserélt..."|https://ingatlan.com/34742716||E|||||||||||||||||||0.0|0.0|0.0|0.0|0.0|0.0|0.0|0.0|0|0|0|0|0|0|0|0|0.0|0.0|0.0|Prémium villa negyed|1.3|||
26|Budapest X. kerület, Szövőszék utca||64,90 M Ft||68 m2|927 142 Ft / m2|||||távfűtés|4 m2||ingatlaniroda|10|"Cuki hangulatú 3 szobás panel lakás - Szövőszék utca!
Kőbánya felkapott részén, Szövőszék utcában, igazán világos, igényesen karbantartott, 68 m2-es, 3 szobás lakás vált eladóvá.
A lakás igazán világos, körbejárja a nap, és még egy 4 m2-es loggia is tartozik hozzá!

Adottságok:
- 3 szoba
- külön, ablakos konyha
- 1 fürdőszoba
- külön wc
- közlekedő
- loggia

A közös költség 20.000 Ft ami tartalmazza az általános költségeket (biztosítás, takarítás, szemétszállítás, stb.), illetve a laksához tartozik egy zárható tároló.
Sétatávra minden amire csak szükségünk lehet: Újhegyi sétány tele üzletekkel, LIDL, Family center, Újhegyi bevásárlóközpont, KÖKI terminál.

Igazán kellemes lokáció és lakás mindenki számára, aki kényelmesen és kényelemben szeretne élni, megfizethető áron!

Új a piacon, csapj..."|https://ingatlan.com/34887464|||||||||||||||||||||0.0|0.0|0.0|0.0|0.0|0.0|0.0|0.0|0|0|0|0|0|0|0|0|0.0|0.0|0.0|Központi terület|1.0|||
27|Budapest X. kerület, Oltó utca||67,90 M Ft||68 m2|976 978 Ft / m2||1981 és 2000 között|1|felújított|távfűtés|3 m2|utca, közterület - ingyenes|ingatlaniroda|13|"Eladó felújított lakás az Oltó utcában – 68 m², 3 szoba, kiváló elhelyezkedéssel!

Eladásra kínálunk az Oltó utcában egy 68 m²-es, három külön bejáratú szobával rendelkező, világos lakást. A lakásban a közelmúltban teljes felújítás történt:

Új bejárati ajtó

Új burkolatok

Modern radiátorok

Megújult vízvezeték-hálózat és szaniterek

A környék kifejezetten kellemes: egy parkosított, szép tó található a közelben, amely nemcsak kikapcsolódásra, hanem hangulatos büféjével és teraszával is különleges élményt kínál.
A mindennapi bevásárlás is könnyedén megoldható, hiszen Lidl, Interspar, Penny Market, valamint a Köki Terminál is gyorsan elérhető.

További előnyök:


Ajándék, díjmentes hitelügyintézés! Segítünk megtalálni a legkedvezőbb finanszírozási lehetőséget.
Kedvezményes ügyvédi közreműkö..."|https://ingatlan.com/34654196|||||||||||||||||||||0.0|4.0|0.0|0.0|0.0|0.0|5.0|0.0|0|1|0|0|0|0|1|0|9.0|0.0|9.0|Jó lakónegyed|1.15|||
28|Budapest X. kerület, Tóvirág utca||61 M Ft||50 m2|1 220 000 Ft / m2|||5|felújított|távfűtés||utca, közterület - ingyenes|ingatlaniroda|9|X. Kerület Újhegy részén egy 50 nm-es lakás Eladó! Megvételre kínálok a X. Kerület közkedvelt részén egy 50 négyzetméteres 2 szobás, liftes társasházban található, kiváló állapotú lakást.. A lakásnak egy tulajdonosa van, teljesen per-tehermentes. Az ingatlan jó állapotú, délkeleti fekvésének köszönhetően napfénnyel teli. A társasház rendezett, panelprogramban részt vett 10 cm külső szigetelést kapott továbbá teljesen új nyílászárókat és főbejárati ajtó. Kellemes és barátságos lakóközösséggel rendelkezik. Jelenlegi elrendezése praktikus, minden helyiség külön nyílik, a 2,6 méteres belmagasságának, tágas nappalijának, valamint a kis szobájának köszönhetően plusz teret és kényelmet nyújt. A lakásba belépve egy tágas előtér fogad, ahonnan könnyen elérhetőek a helyiségek, mint például, a konyha...|https://ingatlan.com/34751056|||||||||||||||||||||0.0|0.0|0.0|0.0|0.0|0.0|5.0|-2.0|0|0|0|0|0|0|1|1|5.0|2.0|3.0|Általános terület|1.0|||
29|Budapest X. kerület, Harmat utca||71,40 M Ft||81 m2|844 970 Ft / m2||1981 és 2000 között|földszint|közepes állapotú|távfűtés|7 m2|utca, közterület - ingyenes|maganszemely|1|"Ingatlanközvetítők kérem kíméljenek, kiemelt szerződésünk van.

Eladó egy különleges négy szobás lakás Kőbányán, az Újhegyi lakótelepen!

Fedezd fel ezt a páratlan lehetőséget Kőbánya szívében, ahol ez a tágas, 81 négyzetméteres, földszinti lakás várja új lakóit! Az ingatlan a lakótelepen szinte egyedülálló, négy szobával rendelkezik, és három zárt erkéllyel is büszkélkedhet, mivel a lakótelep többi ingatlanjától eltérően a bejárati erkély itt nem két lakásra nyílik, csak egyre, és két szoba is erkélyre végződik.

Ez a lakás különösen ideális választás fiatal, többgyerekes családok számára, akik szeretnék saját ízlésükre formálni új otthonukat. A lakás felújításra szorul, ami lehetőséget ad arra, hogy minden részletet a saját elképzeléseid szerint alakíts ki. Bár a nyílászárók régiek, és a..."|https://ingatlan.com/34465776|||||||||||||||||||||0.0|0.0|0.0|0.0|0.0|0.0|0.0|-2.0|0|0|0|0|0|0|0|1|0.0|2.0|-2.0|Általános terület|1.0|||
30|Budapest X. kerület, Kőbánya - Újhegyi lakótelep||65,90 M Ft||68 m2|948 201 Ft / m2||1950 és 1980 között||jó állapotú|távfűtés|3 m2||ingatlaniroda|11|"Kiváló állapotú nagy lakás eladó az Újhegyi lakótelepen
Árcsökkenés!!!
Eladó a X. kerületben a kedvelt Újhegyi lakótelepen egy jó állapotú, 68 nm-es 3 szobás, erkélyes nagy lakás.
A lakóház és a környezete is rendezett, az épületek között zöld parkok találhatók. A lakás jó elosztású, ablakai két irányba néznek, így minden napszakban éri fény.
Konyhája nagy ablakos, a szobák kényelmes méretűek, jól berendezhetők. Az egyik szoba erkélyes. A nyílászárók cserélve lettek korszerű műanyag ablakokra, a fürdőszoba és a konyha is felújításra került. A szobákban laminált padló lett lerakva. Az ingatlan üres, tehermentes, rövid időn belül birtokba vehető.
Közelben minden gyalogosan is elérhető, Bajcsy Kórház, rendelő, piac, Interspar, Auchan és egyéb bevásárlási lehetőségek.
Buszjáratok közvetlenül K..."|https://ingatlan.com/34914437|||||||||||||||||||||0.0|4.0|0.0|0.0|0.0|0.0|0.0|0.0|0|1|0|0|0|0|0|0|4.0|0.0|4.0|Általános terület|1.0|||
31|Budapest X. kerület, Tóvirág utca||54,90 M Ft||50 m2|1 055 769 Ft / m2|||7|felújított|távfűtés|4 m2|utca, közterület - ingyenes|maganszemely|1|"FOGLALÓZVA, A HIRDETÉS SZÜNETEL!!!

Képeket e-mailben tudunk róla küldeni.

Eladó az Újhegyi lakótelepen Tóvirág utcában 10 percre a KöKi Termináltól 50m2-es 2 külön bejáratú szobás, erkélyes, panelprogramban beszigetelt panellakás. Tehermentes, azonnal költözhető.

A közelben buszmegálló, óvoda, iskola, játszótér, újhegyi sétány, uszoda, bevásárló központ, Auchan, Family Center. Csendes nyugodt környék, kellemes kilátással az Újhegyi-tóra, térfigyelő kamera az utca végén. Parkolás a ház előtt ingyenes.

Panelprogramban részt vett és már a közös költség nem terhelt az összegével.

A lakás bútorozatlan, de konyhabútorral és új gáztűzhellyel rendelkezik, az ablakokon redőny van.
Távfűtéses, Víz gáz és villanyórával ellátott.

Ingatlanosok jelentkezését köszönjük nem kérjük, semmilyen indokka..."|https://ingatlan.com/34817711||D|||||||||||||||||||0.0|0.0|0.0|0.0|0.0|0.0|2.5|-2.0|0|0|0|0|0|0|1|1|2.5|2.0|0.5|Prémium villa negyed|1.3|||
32|Budapest X. kerület, Tóvirág utca||57,90 M Ft||49 m2|1 146 534 Ft / m2||1950 és 1980 között|5|felújított|távfűtés|3 m2|utca, közterület|maganszemely|0|"Kőbánya-Újhegyen, csendes környéken!

Eladó egy 50 m²-es, napfényes, igényesen felújított lakás az 5. emeleten, panelprogramban felújított társasházban, a Tóvirág utcában.
A lakás keleti és nyugati tájolásának köszönhetően egész nap világos, az egyik oldalon gyönyörű napfelkeltére, a másikon kellemes délutáni fényekre lehet számítani.

A lakás elrendezése praktikus: két külön nyíló szoba, külön fürdőszoba és WC, nyugati fekvésű, A felújítás 2025 februárban történt.

A lakás hang- és hőszigetelt nyílászárókkal, illetve kedvező fűtési költségekkel rendelkezik. A házban lift működik.

A környék ideális családoknak és nyugalmat keresőknek: sok zöldfelület, játszóterek, ingyenes parkolás a ház körül, és pár perc sétára található az Újhegyi sétány üzletekkel (Spar, pékség, posta stb.). Több óvod..."|https://ingatlan.com/34735625|||||||||||||||||||||0.0|4.0|0.0|0.0|0.0|0.0|0.0|-2.0|0|1|0|0|0|0|0|1|4.0|2.0|2.0|Prémium villa negyed|1.3|||
34|Budapest X. kerület, Kőbánya - Újhegyi lakótelep||59,90 M Ft||50 m2|1 163 106 Ft / m2||1950 és 1980 között|5|felújított||3 m2|utca, közterület - ingyenes|ingatlaniroda|6|"Kőbánya-Újhegyen 50 m2-es, 2 szobás, V. emeleti lakás Eladó,
Kőbánya legjobb részén, 10 emeletes szigetelt panelház, 5. emeletén, világos lakás várja új gazdáját.
Az ingatlan felújítandó, tehermentes. A nagy szobában és a vizes helyiségekben járólap található az erkélyes kisszobában lamináltpadló.
A szobák világosak és tágasak, remek elrendezéssel, DNY-i fekvésűek.

A lakás az újhegyi sétány mellett található, csendes utcában.
A ház rendezett, barátságos szomszédok és kultúrált lakóközösség jellemzi.

A parkolás a ház előtti ingyenes parkolóban megoldott.
AZ ÚJHEGYI LAKÓTELEPEN RENDŐRSÉGRE BEKÖTÖTT KAMERA RENDSZER LETT KIÉPÍTVE!
Közlekedés:
Buszok: 85, 85E, (a 3-as metró, Kőbánya-Kispest végállomás 5 perc, az Örs Vezér téri 2-es
metró 10 perc közlekedésre van.) 68 (A Kossuth téri piac 5 pe..."|https://ingatlan.com/34760324|||||||||||||||||||||0.0|0.0|0.0|0.0|0.0|0.0|0.0|-6.0|0|0|0|0|0|0|0|1|0.0|6.0|-6.0|Központi terület|1.0|||
35|Budapest X. kerület, Kőbánya - Újhegyi lakótelep||59 M Ft||49 m2|1 168 316 Ft / m2||1981 és 2000 között|3|jó állapotú|távfűtés|3 m2|utca, közterület - ingyenes|ingatlaniroda|16|"Eladó egy szép állapotú, jó elosztású, loggiás, klímás lakás a 10. kerületben, Újhegyen.

Az ingatlan 49 nm-es, 2 szobás és egy jó állapotú tízszintes társasház 3. emeletén található 10. kerület csendes, mégis jól megközelíthető részén.

A lakás két teljes értékű szobával rendelkezik, amelyek egymásból és külön is nyílnak. A konyha és a fürdőszoba teljeskörűen felújított, modern, esztétikus burkolatokkal. Az egész lakás új hidegburkolatot kapott, így valóban friss, gondozott benyomást kelt.

A komfortot távfűtés, klíma, valamint műanyag nyílászárók redőnnyel és szúnyoghálóval biztosítják a kellemes hőmérséklet és a nyugodt, csendes környezet garantált.

A lakáshoz tartozik egy tágas, nyitott loggia, amely tökéletes helyszíne lehet a reggeli kávézásnak, pihenésnek vagy akár egy zöld növénye..."|https://ingatlan.com/34860725|||||||||||||||||||||0.0|0.0|0.0|0.0|0.0|0.0|0.0|0.0|0|0|0|0|0|0|0|0|0.0|0.0|0.0|Prémium villa negyed|1.3|||
36|Budapest X. kerület, Mélytó utca||66 M Ft||49 m2|1 320 000 Ft / m2|||2|felújított|távfűtés|2 m2||maganszemely|1|"Eladó becsben tartott 2 szobás, erkélyes, teljesen felújított 49nm + erkélyes panel lakás X. kerületben Újhegyen!

2023-ban teljes körűen felújított, modern stílusú lakás várja új tulajdonosát Kőbánya egyik legkedveltebb részén. A második emeleti, DNY-i fekvésű lakás világos szobákkal, új nyílászárókkal, burkolatokkal, vezetékekkel és légkondival rendelkezik.

A ház panelprogramos, kívülről szigetelt, a lift felújított. A lakás tehermentes, 1/1 tulajdon.

✅ Erkély
✅ Ingyenes parkolás a ház előtt
✅ Csendes, madárcsicsergős környezet
✅ Közvetlen közelben tó és zöldövezet, Sportliget, játszóterek, orvosi rendelő, cukrászda, bevásárlási lehetőségek, uszoda
✅ Kiváló közlekedés – KÖKI Terminál kb. 10 perc

Barátságos, kulturált lakóközösség jellemzi az épületet – ide igazán jó lesz hazatérni!

/..."|https://ingatlan.com/34933507|||||||||||||||||||||0.0|0.0|0.0|0.0|0.0|3.2|2.5|-2.0|0|0|0|0|0|1|1|1|5.7|2.0|3.7|Prémium villa negyed|1.3|||
37|Budapest X. kerület, Kővágó utca||55,99 M Ft||49 m2|1 108 712 Ft / m2|||6|jó állapotú|távfűtés|3 m2|utca, közterület - ingyenes|maganszemely|0|"Eladó 2 szobás, erkélyes panellakás Újhegyen, a Kővágó utcában

Eladó egy 49 m²-es, 2 szobás panellakás a X. kerületben, az Újhegyi lakótelepen, a Kővágó utcában, 10 emeletes ház 6. emeletén.

Főbb jellemzők:
•Alapterület: 49 m²
•Szobák: 2 különnyíló szoba
•Emelet: 6/10
•Erkély: ~3 m²
•Fürdő és WC külön helyiségben
•Folyosó beépített gardróbszekrénnyel (az ár tartalmazza)
•Központi fűtés
•Közös költség: 14 790 Ft/hó
•Tehermentes
•Ingyenes parkolás a ház előtt

Közlekedés:
Buszmegálló néhány perc sétára (85, 85E, 185, 268).
•Kőbánya–Kispest (M3 metró): kb. 10 perc
•Örs vezér tere (M2 metró): kb. 12–15 perc

Környék:
A közelben iskola, óvoda, mosoda, Interspar, minden könnyen elérhető.

???? Ingatlanosok kérem, kíméljenek!"|https://ingatlan.com/34931699|||||||||||||||||||||0.0|4.0|0.0|3.8|0.0|0.0|0.0|-6.0|0|1|0|1|0|0|0|1|7.8|6.0|1.8|Jó lakónegyed|1.15|||
38|Budapest X. kerület, Szövőszék utca||55 M Ft||50 m2|1 057 692 Ft / m2|||földszint|jó állapotú|távfűtés|4 m2|utca, közterület - ingyenes|maganszemely|1|"50 m²-es, földszinti, napfényes, jó állapotú lakás eladó, amely parkra néz.

Főbb jellemzők:
- 2 külön nyíló szoba + erkély.
- Bútorozott, klímával felszerelt. Azonnal költözhető
- Panelprogramon átesett: 10 cm szigetelés, műanyag nyílászárók.
- Alacsony rezsi és közös költség.
- Minden pár perc sétára elérhető: orvosi rendelő, gyógyszertár, iskola, óvoda, edzőtermek, buszmegállók, valamint számos bevásárlási lehetőség (Interspar, Penny, Lidl, Jysk, Auchan, Bevásárlóudvar, Újhegyi sétány).
- Szabadidős lehetőségek: játszóterek, Mély tó, sportpark, strand.
- Közlekedés: 5 perc busszal a Köki és a 3-as metró, 15 perc az Örs vezér tere, Árkád, IKEA és Sugár.
- A ház előtt és mögött ingyenes parkolás biztosított.

Tehermentes, könnyen kiadható, befektetésnek is remek választás!

Ingatlanközvet..."|https://ingatlan.com/34928508|||||||||||||||||||||0.0|4.0|0.0|0.0|0.0|0.0|2.5|-6.0|0|1|0|0|0|0|1|1|6.5|6.0|0.5|Jó lakónegyed|1.15|||
39|Budapest X. kerület, Tóvirág utca||49,50 M Ft||49 m2|1 010 204 Ft / m2|||7|felújítandó|távfűtés||utca, közterület|maganszemely|0|"Álmaid otthona – a te terveid szerint!

Eladó egy 7. emeleti, 2 szobás, lakótelepi lakás Kőbánya, Újhegy lakótelepen, ami most még a múltat idézi… de egy kis fantáziával és felújítással modern, stílusos otthont varázsolhatsz belőle!
Itt mindenben te döntesz: burkolat, színek, konyha, fürdő – minden a te ízlésed szerint készülhet el.

Miért jó választás?
- Tágas, különnyíló szobák (de a két szoba között is van ajtó, amit meg lehet tartani, vagy le is zárható)
- Napfényes konyha és szobák
- Különnyíló WC és fürdőszoba
- Remek infrastruktúra: üzletek, iskola, óvoda, orvosi rendelő, buszmegálló pár perc sétára
- Uszoda, sportpályák, kutyafuttató a közelben
- Lakótelepi nyugalom, rendezett környezet

Alapterület: 49 m² + beépített erkély

Állapot: teljesen felújítandó – vagyis teljesen testresz..."|https://ingatlan.com/34928194|||||||||||||||||||||0.0|0.0|0.0|3.8|0.0|0.0|0.0|-4.0|0|0|0|1|0|0|0|1|3.8|4.0|-0.2|Jó lakónegyed|1.15|||
40|Budapest X. kerület, Szövőszék utca||65,50 M Ft||50 m2|1 286 836 Ft / m2||1950 és 1980 között|6|felújított|távfűtés, hűtő-fűtő klíma|1.8 m2|utca, közterület - ingyenes|ingatlaniroda|13|Eladó otthon Budapest X. kerületének egyik legnyugodtabb, zöldövezeti részén, az Újhegyi sétány közvetlen közelében. Ez a 6. emeleti, erkélyes, 50 m²-es, 2 szobás lakás nemcsak egy új cím a lakcímkártyádon – ez a hely egy új élet kezdete lehet. Miért fogod imádni? Világos, napfényes lakás, ahová jó belépni. Erkély gyönyörű kilátással – a reggeli kávé új értelmet nyer itt. 2 db hűtő-fűtő klíma – mindig pont olyan hőmérséklet, amilyenre vágysz. Felújított elektromos hálózat – biztonság és modernitás. Műanyag nyílászárók redőnnyel – nyugalom és hőszigetelés. Panelprogramos, szigetelt ház – alacsony rezsi, igényes környezet.  Ingyenes parkolás a ház előtt. Teljesen bútorozott – amit látsz, azt megkapod. Tehermentes és azonnal költözhető. Befektetők figyelem! Akár meglévő, megbízható bérlőkkel ...|https://ingatlan.com/34920425|||||||||||||||||||||0.0|0.0|0.0|0.0|0.0|3.2|5.0|0.0|0|0|0|0|0|1|1|0|8.2|0.0|8.2|Jó lakónegyed|1.15|||
41|Budapest X. kerület, Kőbánya - Újhegyi lakótelep||58 M Ft||50 m2|1 137 254 Ft / m2||1950 és 1980 között|10|felújított|távfűtés|2 m2||ingatlaniroda|11|"Kőbánya-Újhegyen másfél szobás, legfelső emeleti, erkélyes panel lakás várja új tulajdonosát.

Az épület szigetelt, kívül-belül felújított,a lakás szintén komoly, teljes körű felújításon esett át.A lakásba zárt, a szomszéddal közösen használt erkélyről léphetünk be. Az L alakú előszobából nyílik az összes helyiség, a teljesen felújított, ablakos konyha, a két szoba, a fürdőszoba és a különálló WC. A kisebbik szoba erkélyes .A lakásban távfűtés van, a nyári melegben klíma gondoskodik a kellemes hőmérsékletről.

A házban tároló, illetve garázs kérhető, jelenleg nem tartozik a lakáshoz.A környék zöld, sok a park és itt található a hangulatos kikapcsolódást nyújtó Mély-tó.

Infrastruktúra szempontjából is tökéletes, a buszmegálló (Köbánya-Kispest és az Örs vezér tere felé) 2 perc séta, az üzle..."|https://ingatlan.com/34910085|||||||||||||||||||||0.0|0.0|0.0|0.0|0.0|0.0|0.0|-2.0|0|0|0|0|0|0|0|1|0.0|2.0|-2.0|Jó lakónegyed|1.15|||
43|Budapest X. kerület, Bányató utca 22.||58,50 M Ft||68 m2|841 726 Ft / m2|||4|felújítandó|távfűtés|3 m2|utca, közterület - ingyenes|maganszemely|1|"A X. kerületben, a MEGÚJULT és KÖZKEDVELT ÚJHEGYI LAKÓTELEPEN tulajdonostól eladó egy 68 nm-es, 3 szobás, ERKÉLYES összkomfortos panellakás.

A lakás vonzó környezetben, a megszépült ÚJHEGYI SÉTÁNY MELLETT, a Bányató utcában helyezkedik el.

Az eladó lakás a 4. emeleten található, megközelítése zárható lépcsőházi folyosóról lehetséges, ezért KÜLÖNÖSEN BIZTONSÁGOS. VILÁGOS, KÖRBENAPOZOTT, a magas emeleti elhelyezkedése biztosítja, hogy egész nap bőségesen kapjon természetes fényt.

A lakás NAGYON JÓ ELRENDEZÉSŰ, a szobák külön nyílóak és körbe is járhatók. A konyha is ablakos (150x150 cm), ezáltal jól szellőztethető és világos. A nappali és az erkélyes szoba PARKOS KÖRNYEZETRE NÉZ. A fürdőszoba és a WC külön helyiségben van.

Állapotát tekintve időszerű a korszerűsítése, felújítása, amit a ..."|https://ingatlan.com/34902025|||||||||||||||||||||0.0|0.0|0.0|0.0|0.0|0.0|0.0|0.0|0|0|0|0|0|0|0|0|0.0|0.0|0.0|Prémium villa negyed|1.3|||
44|Budapest X. kerület, Kőbánya - Újhegyi lakótelep||69,50 M Ft||68 m2|992 857 Ft / m2||1950 és 1980 között|4|felújított|távfűtés|4 m2||ingatlaniroda|10|"Családi otthon nyugalomban, kényelemben – azonnal költözhető lakás Újhegy szívében

Budapest X. kerületének egyik legcsendesebb, mégis kiválóan ellátott részén, Újhegyen kínálunk megvételre egy igényesen felújított, 68 négyzetméteres, háromszobás lakást. Az ingatlan egy gondosan karbantartott társasházban található, barátságos szomszédsággal, nyugodt környezetben.

A lakás praktikus elrendezésű: három világos és jól szeparált szoba biztosít kényelmet egy többtagú család számára is. A tágas nappali a lakás központi eleme, amelyhez egy 4 négyzetméteres erkély is kapcsolódik – ideális hely a pihenéshez, egy nyugodt reggelihez vagy esti kikapcsolódáshoz.

Az ingatlan műszaki állapota kiváló. A felújítás során kiemelt figyelmet fordítottak a részletekre, a nyílászárók integrált szúnyoghálóval é..."|https://ingatlan.com/34885012|||||||||||||||||||||0.0|0.0|0.0|0.0|0.0|0.0|2.5|0.0|0|0|0|0|0|0|1|0|2.5|0.0|2.5|Prémium villa negyed|1.3|||
46|Budapest X. kerület, Gőzmozdony utca||51,50 M Ft||50 m2|990 384 Ft / m2||1981 és 2000 között|4|felújítandó|távfűtés|4 m2|utca, közterület - ingyenes|maganszemely|0|"Eladó Kőbánya-Újhegyen, kiváló helyen, a Gőzmozdony utcában, egy szigetelt társasházban lévő, IV. emeleti, 2 szobás, erkélyes, teljesen felújítandó lakás.

A lakás a helyi viszonyoknak megfelelően klasszikus elrendezéssel bír: 2 különnyíló szobája van(a kisebbiken keresztül érhető el az erkély), a konyha ablakos, valamint a mellékhelyiség és a fürdőszoba külön találhatóak. Délnyugati fekvésének köszönhetően fényárban úszik.

Lokáció szempontjából remek választás, mivel több bevásárlási(pl.: Family Center, Penny vagy akár a KÖKI), kikapcsolódási(Bánya-tó park) lehetőségünk van. Tömegközlekedés szempontjából a KÖKI-től induló buszok, valamint vonatok állnak a rendelkezésünkre, aminek köszönhetően a Nyugati pályaudvar kb. 15 perc alatt érhető el, de az M3 metró miatt a belváros több pontja is..."|https://ingatlan.com/34880807|||||||||||||||||||||0.0|0.0|0.0|0.0|0.0|0.0|0.0|-4.0|0|0|0|0|0|0|0|1|0.0|4.0|-4.0|Központi terület|1.0|||
47|Budapest X. kerület, Szövőszék utca||48,90 M Ft||37 m2|1 286 842 Ft / m2||||||2 m2||maganszemely|0|"Teljeskörűen feljított, első lakásnak minden tekintetben tökéletes ingatlan szeptemberi átadással eladó!

Az ingatlan felújítása jelenleg is zajlik, amelynek során az ingatlanban megtörténik
- minden nyilászáró cseréje;
- a teljes villanyhálózat felújítása;
- a teljes gépészet (fürdőszoba, wc, radiátorok) felújítása és cseréje;
- új, gépesített (whirpool gépekkel - mosógép, mosogatógép, sütő, mikró, főzőlap - felszerelt) divian konyha kialakítása.

A lokáció tökéletes, sétatávolság a közeli tó, illetve pár százméter a metroállomás, valamint a Köki-terminál bevásárlóközpont is.

A hirdetett ár kedvezményes, előértékesítési ár. Csapjon le rá mielőtt még a START program felveri a hasonló kategóriájú lakások árát."|https://ingatlan.com/34880388|||||||||||||||||||||0.0|0.0|0.0|0.0|0.0|0.0|0.0|0.0|0|0|0|0|0|0|0|0|0.0|0.0|0.0|Prémium villa negyed|1.3|||
48|Budapest X. kerület, Oltó utca||59 M Ft||49 m2|1 204 081 Ft / m2|||3||távfűtés||utca, közterület - ingyenes|ingatlaniroda|15|Felújított, klímás lakás loggiával a 10. kerületben - azonnal költözhető! Budapest 10. kerületének csendes, mégis jól megközelíthető részén eladó egy 3. emeleti, igényesen felújított panel lakás, amely tökéletes választás lehet otthonnak vagy befektetésnek egyaránt. A lakás két teljes értékű szobával rendelkezik, amelyek egymásból és külön is nyílnak , ideális elosztás családoknak, pároknak vagy kiadásra. A konyha és a fürdőszoba teljes körűen felújított, modern, esztétikus burkolatokkal. Az egész lakás új hidegburkolatot kapott, így valóban friss, gondozott benyomást kelt. A komfortot távfűtés, klíma, valamint műanyag nyílászárók redőnnyel és szúnyoghálóval biztosítják - a kellemes hőmérséklet és a nyugodt, csendes környezet garantált. A lakáshoz tartozik egy tágas, nyitott loggia, amely ...|https://ingatlan.com/34862733|||||||||||||||||||||0.0|0.0|0.0|0.0|0.0|0.0|2.5|0.0|0|0|0|0|0|0|1|0|2.5|0.0|2.5|Prémium villa negyed|1.3|||
50|Budapest X. kerület, Mádi utca||69,90 M Ft||57 m2|1 184 745 Ft / m2|1 + 2 fél|||||4 m2||maganszemely|0|"INGATLANOSOK SEGÍTSÉGÉT köszönettel NEM KÉRJÜK mert már van!!!!

A X. kerületben az Újhegyi lakótelepen, Mádi utcában eladó egy 57 négyzetméteres, tehermentes, VII. emeleti szép lakás .
A ház szigetelt, ezért a fűtési költség alacsony!
A lakásban külön konyha, nappali, étkező, két hálószoba, fürdőszoba, illetve egy különálló WC található. Valamennyi szoba külön nyílik.
Az előszoba és a konyha, az étkező, valamint a WC és fürdőszoba járólapokkal burkoltak, a szobákat laminált padló borítja.
A lakás világos, észak-keleti fekvésű, a burkolt erkéllyel rendelkezik.

A lakás fűtése egyedi mérésű távfűtés.
A víz és villany szintén egyedi elszámolás alapján történik.
A nyílászárók műanyagok, jól zárnak, redőnyözöttek. A lakás rezsije kedvező, a közös költség 16.400 Ft/hó.

Tehermentes,rövid időn b..."|https://ingatlan.com/34848751|||||||||||||||||||||0.0|0.0|0.0|0.0|0.0|0.0|0.0|0.0|0|0|0|0|0|0|0|0|0.0|0.0|0.0|Prémium villa negyed|1.3|||
51|Budapest X. kerület, Oltó utca||63,89 M Ft||68 m2|906 241 Ft / m2||||||5 m2||maganszemely|1|"Magánszemélytől eladó egy tehermentes, tágas, világos, 68 nm alapterületű lakás 5 nm-es fedett erkéllyel együtt.
Az ingatlan Budapest X. kerületében, az Oltó utcában található kiváló közlekedés mellett, mégis csendes, parkosított zöldövezeti részen.
A lakás fűtése gazdaságosan távhővel szabályozható, a fürdőszoba teljes felújításon esett át, az ablakok és az erkélyajtó árnyékolását redőny és reluxa biztosítja.
A konyha gépesített (automata mosógép, 2 hűtő, új sütő és mikró), a szobák bútorozottak, az előszobában beépített szekrények biztosítják a csomagok elhelyezését, a fürdőszoba és WC külön helyiségben került kialakításra.
A lakás méretei miatt tökéletes megoldás lehet nagycsaládosok részére is.
Gépkocsiparkolás a társasház előtt kialakított ingyenes parkolóban biztosított, ahol elektro..."|https://ingatlan.com/34845475|||||||||||||||||||||0.0|0.0|0.0|3.8|0.0|3.2|2.5|0.0|0|0|0|1|0|1|1|0|9.5|0.0|9.5|Prémium villa negyed|1.3|||
53|Budapest X. kerület, Szövőszék utca||69,90 M Ft||68 m2|998 571 Ft / m2|||6|jó állapotú|távfűtés|4 m2||maganszemely|1|"Budapest X. kerületének közkedvelt részén, az Újhegyi lakótelepen eladó egy 68 négyzetméteres 3 szobás, 6. emeleti, klimatizált, jó állapotú, erkélyes panelprogramos lakás, liftes, rendezett társasházban.
Az ingatlan tehermentes, hitelezhető.
A 40 éves gyönyörű fák, a zöld környezeten kívül tovább növeli az ingatlan vonzerejét, a lakótelep kiváló ellátottsága: A megújult Újhegyi sétányon keresztül elérhető a felnőtt- és gyermekorvosi rendelő, gyógyszertár, óvódák-iskolák, posta, lottózó, cukrászda, fagyizó, edzőterem, kutyafuttató, Auchan bevásárlóudvar, Lidl, Penny, Interspar, Spar, DM, McDonalds.
Több autóbuszjárattal, gyorsan megközelíthető Kőbánya-Kispest (KÖKI) metró- és vonatállomás, az Örs Vezér tér metró- és hévállomás is. Buszok: 68, 85, 85E, 117, 268, éjszakai 909, 968.
A környék..."|https://ingatlan.com/34838047|||||||||||||||||||||0.0|8.0|0.0|0.0|2.8|0.0|0.0|0.0|0|1|0|0|1|0|0|0|10.8|0.0|10.8|Általános terület|1.0|||
54|Budapest X. kerület, Mélytó utca 8.||55 M Ft||49 m2|1 089 108 Ft / m2||1981 és 2000 között|10|felújított|távfűtés|3 m2|utca, közterület|maganszemely|0|"Csak cserélek!
Elcserélem X. kerületi 2 szobás panel lakásomat amit most újítottunk fel. Napos csendes zöld környezetben van a Mélytó mellett. Kérek Újpalotán szintén panel lakást ami magas emeleti 1 vagy 2 ill. 1+2 félszobás. LEHET ÖNKORMÁNYZATI! Ráfizetést kérek!
Ingatlanost nem kérek!"|https://ingatlan.com/34836919||D|||||||||||||||||||0.0|0.0|0.0|0.0|0.0|0.0|0.0|0.0|0|0|0|0|0|0|0|0|0.0|0.0|0.0|Prémium villa negyed|1.3|||
55|Budapest X. kerület, Szőlővirág utca||54 M Ft||49 m2|1 069 306 Ft / m2||1950 és 1980 között|8|jó állapotú|távfűtés, hűtő-fűtő klíma|3 m2|utca, közterület - ingyenes|maganszemely|1|"Eladásra kínálom szeretett lakásunkat az Újhegyi lakótelepen!

A ház, amelyben a lakás található egy az 1970-es években épült, panelprogramban részt vett 10 emeletes társasház. A társasház anyagi helyzetet rendezett, a közösképviselet elérhető, segítőkész, minden fontos információról időben tájékoztatják a tulajdonosokat. Műszaki probléma esetén a ház diszpécser szolgálata éjjel nappal elérhető, törekednek a hibák gyors kijavítására. A lakóközösség és a szomszédság barátságos, a lépcsőház kamerával felszerelt, kulturált és tiszta. Az épületben található lift rendszeresen karbantartott, üzembiztos.
A közösköltség 13000 Ft/hó + 3000 Ft/hó felújítás

A lakás a 8. emeleten található, jó, beköltözhető állapotú, a rezsi alacsony és mivel minden oldalról vannak szomszédos lakások így a leghidegeb..."|https://ingatlan.com/34836792|||||||||||||||||||||0.0|0.0|0.0|0.0|0.0|0.0|2.5|0.0|0|0|0|0|0|0|1|0|2.5|0.0|2.5|Általános terület|1.0|||
56|Budapest X. kerület, Szőlővirág utca||59,50 M Ft||68 m2|850 000 Ft / m2|2 + 1 fél|1981 és 2000 között|földszint|jó állapotú|távfűtés|4 m2|utca, közterület - ingyenes|maganszemely|1|"X. kerület Szőlővirág utcában szigetelt, 10 emeletes panel társasházban eladó magasföldszinti, új nyílászárókkal felszerelt 2+1 szobás, erkélyes lakás. Az ingatlan jó állapotú, konyhája ablakos, fürdőszoba és wc külön helyiségben található. Az előszobában illetve a szobákban beépített szekrények találhatók. Az ingatlan tehermentes, világos, jó elosztású. Érdemes megnézni. Parkos, zöld övezetben található, közelben Spar, Lidl, Penny Market illetve több iskola illetve az Újhegy Park.

Az ingatlan irányára: 59,5 millió forint"|https://ingatlan.com/34813905||C|||||||||||||||||||0.0|4.0|0.0|3.8|0.0|0.0|2.5|0.0|0|1|0|1|0|0|1|0|10.3|0.0|10.3|Jó lakónegyed|1.15|||
57|Budapest X. kerület, Bányató utca||58,50 M Ft||49 m2|1 158 415 Ft / m2|||3|felújított|távfűtés|3 m2|utca, közterület - ingyenes|maganszemely|1|"Felújított, 2 szobás lakás eladó a X. kerületben, a Mélytó mellett – kiváló közlekedéssel és infrastruktúrával!

Eladó Budapest 10. kerületének egyik legkedveltebb, zöldövezeti részén, a Mélytó közvetlen közelében ez az igényesen felújított, 3. emeleti, erkélyes lakás.

Főbb jellemzők:

A lakás két külön nyíló, klimatizált szobával rendelkezik.
Egy közös használatú, valamint egy saját, beépített erkély tartozik hozzá, utóbbi jelenleg tárolóként funkcionál, ami rendkívül praktikus.
A konyhában egyedileg gyártott konyhabútor található, amely nemcsak esztétikus, de funkcionális is.
A nyílászárók és radiátorok cserélve lettek, így a lakás energiahatékonyabb lett.
Beépített gardróbszekrény biztosítja a kényelmes tárolást.

Lokáció és környezet:

A lakás kiváló elhelyezkedésű – a környéken minde..."|https://ingatlan.com/34794998|||||||||||||||||||||4.5|0.0|0.0|7.6|0.0|3.2|0.0|0.0|1|0|0|1|0|1|0|0|15.3|0.0|15.3|Központi terület|1.0|||
58|Budapest X. kerület, Kőbánya - Újhegyi lakótelep||58,50 M Ft||49 m2|1 193 877 Ft / m2||1950 és 1980 között|5|felújított|távfűtés||utca, közterület|ingatlaniroda|8|Eladó a X. ker. Tóvirág utcában egy 49nm-es, ERKÉLYES, két szobás, V.emeleti modern és stílusosan teljes körűen felújított lakás,.Ház:Az 1970-es években épült panelház, tíz emeletes, panel programos, jól karbantartott, kiváló lakóközösségű társasház.Lakás:Belépés után az előszobában találjuk magunkat, ahonnan jobbra az ablakos konyha helyezkedik el. Tovább haladva a közlekedőn keresztül érhetjük el a külön WC-t és a külön fürdőszobát is. Az előszobából érhetjük el a tágas, világos nappalit, majd innen juthatunk el a nagyjából 10 nm-es hálószobába is. A hálószobából nyílik a kb 3 nm-es erkélyünk.Finanszírozás:Az ingatlan teljesen tehermentes, így akár banki támogatással is megvásárolható, melyben irodánk teljes körű segítséget tud Önnek nyújtani.Műszaki:A lakás teljes körűen felújításra ker...|https://ingatlan.com/34780933||D|||||||||||||||||||0.0|0.0|0.0|0.0|0.0|0.0|0.0|0.0|0|0|0|0|0|0|0|0|0.0|0.0|0.0|Jó lakónegyed|1.15|||
59|Budapest X. kerület, Kővágó utca||52,90 M Ft||49 m2|1 047 524 Ft / m2|||9|jó állapotú|távfűtés|3 m2|utca, közterület - ingyenes|maganszemely|0|"Magánszemélytől eladó, ingatlanosok segítségét köszönöm, nem kérem!
Privátban szívesen küldök képeket a lakásról.

Eladó lakás zöld környezetben magánszemélytől Budapest X. kerületében, az Újhegyi lakótelepen. Liftes panelház 9. emelete, 2 szobás, 49 nm2-es, 1/1 tulajdonú, azonnal költözhető, per és tehermentes, erkélyes, világos lakás.
A lakás a konyha felől keleti, a szobák felől délnyugati fekvésű. A szobák parkra néznek. Élhető, világos terek, külön wc és fürdőszoba, a szobák különállóak. A szobák laminált padlóval, a többi helyiség járólappal burkolt. Korszerű műanyag nyílászárókkal, redőnnyel és szúnyoghálóval felszerelt. A bejárati ajtó 12 ponton záródó biztonsági ajtóra lett cserélve. Mindkét szoba klimatizált.
A lakás 2028. december 31-ig hitelesített, rádiófrekvenciás leolvasási ..."|https://ingatlan.com/34762906|||||||||||||||||||||0.0|0.0|3.5|0.0|0.0|0.0|2.5|-2.0|0|0|1|0|0|0|1|1|6.0|2.0|4.0|Általános terület|1.0|||
60|Budapest X. kerület, Mádi utca 200.||57,90 M Ft||58 m2|998 275 Ft / m2|1 + 2 fél||földszint|jó állapotú|távfűtés||utca, közterület - ingyenes|maganszemely|1|"Eladó Kőbányán 3 szobás+étkezős+tárolós, jó állapotban lévő földszinti lakás.
Az ingatlan kiváló közlekedési kapcsolatokkal rendelkezik: a 85,185 és 68-as buszok. Az Örs Vezér tere mindössze 15-20 perc, Kőbánya-Kispest pedig 10 percre található.
Hatalmas ablakoknak köszönhetően világos lakás.
A lakáshoz tartozik egy pince is!
Kilátás zöld környezetre, családi ház övezetben.
Ingyenes parkolás a ház előtt.
Rendezett társasház, jó lakóközösség.
A környéken minden fontos szolgáltatás könnyen elérhető: bölcsőde, óvoda, általános iskola, gimnázium, gyógyszertár és pékség. Továbbá Penny,Lidl,Jysk,Auchan,Deichmann, Rossmann.
A környék dinamikusan fejlődik, és barátságos légkört kínál kutyás tulajdonosnak is.
Az ingatlan rugalmas időpontban megtekinthető hétköznap is, előre egyeztetett időpontban."|https://ingatlan.com/34757770|||||||||||||||||||||0.0|0.0|0.0|0.0|0.0|0.0|0.0|-4.0|0|0|0|0|0|0|0|1|0.0|4.0|-4.0|Jó lakónegyed|1.15|||
61|Budapest X. kerület, Tóvirág utca||59,60 M Ft||49 m2|1 180 198 Ft / m2||1950 és 1980 között|5|felújított|távfűtés egyedi méréssel|3 m2|utca, közterület|ingatlaniroda|7|"Kőbánya-Újhegyi lakótelepen, CSENDES KÖRNYÉKEN, IGÉNYESEN FELÚJÍTOTT PANELLAKÁS PANELPROGRAM KERETÉBEN KORSZERŰSÍTETT TÁRSASHÁZBAN ELADÓ !
Eladó egy 49 m² alapterületű, erkélyes napfényes, 5. emeleti, 2 szobás, összkomfortos lakás a Tóvirág utcában.
A lakás keleti és nyugati tájolásának köszönhetően egész nap világos, az egyik oldalon gyönyörű napfelkeltére, a másikon kellemes délutáni fényekre lehet számítani. Praktikus elrendezés: két külön nyíló szoba, külön fürdőszoba és WC.
A felújítás 2025 februárban történt.
A lakás hang- és hőszigetelt nyílászárókkal, illetve kedvező fűtési költségekkel rendelkezik. A házban lift működik.
A környék ideális családoknak és nyugalmat keresőknek: sok zöldfelület, játszóterek, ingyenes parkolás a ház körül, és pár perc sétára található az Újhegyi sétány..."|https://ingatlan.com/34754774|||||||||||||||||||||0.0|0.0|0.0|0.0|0.0|0.0|0.0|-2.0|0|0|0|0|0|0|0|1|0.0|2.0|-2.0|Prémium villa negyed|1.3|||
62|Budapest X. kerület, Agyagfejtő utca||59,50 M Ft||68 m2|850 000 Ft / m2||1950 és 1980 között|6|felújítandó|távfűtés|4 m2|utca, közterület - ingyenes|ingatlaniroda|6|"Eladó 3 szobás lakás az Újhegyi lakótelepen!

Budapest 10. kerületében, az Újhegyi lakótelepen eladásra kínálunk egy 68 nm, háromszobás, felújítandó állapotú lakást a 6. emeleten. A lakáshoz egy 4 nm erkély is tartozik, ahonnan kellemes kilátás nyílik a környékre.

A fűtést távfűtés biztosítja, a lakás elrendezése kiváló, mindhárom szoba külön nyílik, így ideális akár családok számára is. A társasház rendezett, liftes, jó lakóközösséggel.

A környék csendes, mégis kiváló infrastruktúrával rendelkezik: boltok, iskola, óvoda, parkok és tömegközlekedés is a közelben található.



További információért és megtekintésért kérem, vegye fel velem a kapcsolatot!"|https://ingatlan.com/34727801|||||||||||||||||||||0.0|0.0|0.0|0.0|0.0|0.0|0.0|-2.0|0|0|0|0|0|0|0|1|0.0|2.0|-2.0|Jó lakónegyed|1.15|||
63|Budapest X. kerület, Agyagfejtő utca 12.||59,80 M Ft||50 m2|1 172 549 Ft / m2|||2|felújított|távfűtés|2 m2|utca, közterület - ingyenes|maganszemely|1|"Budapest X. kerület Agyagfejtő utcában (liftes panel társasházban) teljeskörűen felújított 49 m2-es, 2 szobás, erkélyes II. emeleti KLÍMÁS lakás eladó.

Az ingatlanban a felújítás 3 hónapja történt, azóta még senki sem lakott benne. Családi okok miatt kerül értékesítésre.

A felújítás során az alábbi munkálatok lettek elvégezve:
- Teljeskörű villamos felújítás (vezetékek kicserélve, új biztosítéktábla, új kapcsolók, új dugaljak)
- Komplett Vízvezeték csere
- Új beltéri ajtók
- Műanyag nyílászárók (szúnyoghálóval és redőnnyel)
- Új burkolatok (laminált és járólap)
- Fürdőszoba teljesen felújított (új kád, épített mosdópult)
- WC teljesen felújított (új WC kagyló)
- Új konyhabútor

Egyéb jellemzők:
- A lakás tájolásának köszönhetően egész nap világos.
- A szobák (20 m2, ill. 12 m2) egybe és ..."|https://ingatlan.com/34726416|||||||||||||||||||||0.0|0.0|0.0|0.0|0.0|0.0|2.5|0.0|0|0|0|0|0|0|1|0|2.5|0.0|2.5|Prémium villa negyed|1.3|||
64|Budapest X. kerület, Hang utca 6.||63,90 M Ft||68 m2|926 086 Ft / m2|2 + 1 fél||3|jó állapotú||2 m2|utca, közterület - ingyenes|maganszemely|1|"Eladó egy két hálo szobás, nappalis lakás Budapest 10. kerületében, cím: 1108 Hang Utca 6. szám, harmadik emelet ,van lift , 68 négyzetméteres A lakás bútorozott és gépesített, Tágas, világos nappali.

A környék rendkívül szép, a közlekedési és életkörülmények nagyon kényelmesek. A közvetlen közelben található szupermarket, iskola, családorvos és egyéb napi szükségletek kielégítésére alkalmas létesítmények. Emellett a környék zöldövezeti, csendes életkörnyezetet biztosít, így ideális hely a pihenésre egy nyüzsgő város közepén.

A közlekedés is rendkívül kényelmes, hiszen a környéken több buszjárat is elérhető, mint a 68, 68B, 85, 85E, 117, 268. Emellett a lakás csupán pár lépésre található a Galaktikus Piacról, ahol vásárlás és szórakozás is rendkívül kényelmes.

A lakás ára 63,9 millió fo..."|https://ingatlan.com/34706185|||||||||||||||||||||0.0|0.0|0.0|0.0|0.0|3.2|0.0|-2.0|0|0|0|0|0|1|0|1|3.2|2.0|1.2|Központi terület|1.0|||
65|Budapest X. kerület, Hang utca||63,90 M Ft||68 m2|919 424 Ft / m2||1981 és 2000 között|3|jó állapotú|távfűtés|3 m2|utca, közterület - ingyenes|ingatlaniroda|10|"adó egy kétszobás, nappalis lakás Budapest 10. kerületében, cím: 1108 Hang Utca 6. szám, harmadik emelet ,van lift , 68 négyzetméteres A lakás bútorozott és gépesített, Tágas, világos nappali.

A környék rendkívül szép, a közlekedési és életkörülmények nagyon kényelmesek. A közvetlen közelben található szupermarket, iskola, családorvos és egyéb napi szükségletek kielégítésére alkalmas létesítmények. Emellett a környék zöldövezeti, csendes életkörnyezetet biztosít, így ideális hely a pihenésre egy nyüzsgő város közepén.

A közlekedés is rendkívül kényelmes, hiszen a környéken több buszjárat is elérhető, mint a 68, 68B, 85, 85E, 117, 268. Emellett a lakás csupán pár lépésre található a Galaktikus Piacról, ahol vásárlás és szórakozás is rendkívül kényelmes.

A lakás ára 63,9 millió forint, am..."|https://ingatlan.com/34699156|||||||||||||||||||||0.0|0.0|0.0|0.0|0.0|3.2|0.0|-2.0|0|0|0|0|0|1|0|1|3.2|2.0|1.2|Központi terület|1.0|||
66|Budapest X. kerület, Kőbánya - Újhegyi lakótelep||69,90 M Ft||68 m2|1 013 043 Ft / m2||1950 és 1980 között|10|jó állapotú|távfűtés egyedi méréssel|2 m2|utca, közterület - ingyenes|ingatlaniroda|11|"Kiváló állapotú nagy lakás eladó az Újhegyin
Eladó a X. kerületben a kedvelt Újhegyi lakótelepen egy 68 nm-es 3 szobás, erkélyes nagylakás.
A lakóház és a környezete is rendezett, az épületek között zöld parkok találhatók. A lakás jó elosztású, ablakai két irányba néznek, így minden napszakban éri fény.
Konyhája nagy ablakos, a szobák kényelmes méretűek, jól berendezhetők. Az egyik szoba erkélyes. A nyílászárók cserélve lettek korszerű műanyag ablakokra, a fürdőszoba és a konyha is felújításra került. A szobákban laminált padló lett lerakva. Az ingatlan üres, tehermentes, rövid időn belül birtokba vehető.
Közelben minden gyalogosan is elérhető, Bajcsy Kórház, rendelő, piac, Interspar, Auchan és egyéb bevásárlási lehetőségek.
Buszjáratok közvetlenül Kőbánya-Kispest vonat- és metrómegállóhoz..."|https://ingatlan.com/34695040|||||||||||||||||||||0.0|4.0|0.0|0.0|0.0|0.0|0.0|0.0|0|1|0|0|0|0|0|0|4.0|0.0|4.0|Általános terület|1.0|||
